Classlist for:,,,SCPS312,2,A,,,
1,201123313,SBSC21,SCPS312,2,1,A,Biyela,Nokwazi Portia
2,201419433,SBSC01,SCPS312,2,1,A,Buthelezi,Lindokuhle
3,201328187,SBSC22,SCPS312,2,1,A,Dlamini,Bheki
4,201253358,SBSC22,SCPS312,2,1,A,Dludla,Thulani Henry
5,201417442,SBSC15,SCPS312,2,1,A,Fakude,Nhlakanipho Cassim
6,201403535,SBSC15,SCPS312,2,1,A,Khoza,Mxolisi Nkosingiphile
7,201429920,SBSC23,SCPS312,2,1,A,Khuzwayo,Nothando Mbalenhle
8,201453963,SBSC22,SCPS312,2,1,A,Langa,Celimpilo Siphamandla
9,201143876,SBSC01,SCPS312,2,1,A,Mabote,Kopanang
10,201258464,SBSC21,SCPS312,2,1,A,Mafuele,Mandla Jafithi
11,201139667,SBSC20,SCPS312,2,1,A,Mampofu,Ntyatyambo
12,201454126,SBSC22,SCPS312,2,1,A,Masuku,Sizwe Jackson Clement
13,201318936,SBSC21,SCPS312,2,1,A,Mathenjwa,Siyathokoza Wiseman
14,20035098,SBSC21,SCPS312,2,1,A,Mdluli,Aubrey Khayelihle
15,201329329,SBSC21,SCPS312,2,1,A,Mkhabela,Sipho Sihle
16,201127132,SBSC20,SCPS312,2,1,A,Mkhwanazi,Nonkululeko
17,201125071,SBSC01,SCPS312,2,1,A,Mlambo,Sizwe Sakhile
18,201232048,SBSC20,SCPS312,2,1,A,Mngomezulu,Mpilo Clement
19,201431061,SBSC22,SCPS312,2,1,A,Mnguni,Petros Smangaliso
20,201306314,SBSC01,SCPS312,2,1,A,Mnikathi,Ndumiso Philani
21,201227283,SBSC20,SCPS312,2,1,A,Mnomiya,Wanda Gift
22,201242466,SBSC01,SCPS312,2,1,A,Mntungwa,Nokuphila Khokheliwe
23,201131721,SBSC20,SCPS312,2,1,A,Msomi,Sandile Doctor
24,201409213,SBSC22,SCPS312,2,1,A,Mtetwa,Njabulo Sakhile
25,201452906,SBSC22,SCPS312,2,1,A,Mtshali,Mxolisi David
26,201053357,SBSC22,SCPS312,2,1,A,Mwandla,Givenson Thobani
27,201120715,SBSC22,SCPS312,2,1,A,Myeza,Sifiso
28,201328849,SBSC20,SCPS312,2,1,A,Naidoo,Maxine Delain
29,201317510,SBSC01,SCPS312,2,1,A,Ngcamphalala,Menzi Meerfact
30,201234927,SBSC21,SCPS312,2,1,A,Ngcobo,Mthobisi Terence
31,201311082,SBSC22,SCPS312,2,1,A,Ngcobo,Sibonelo
32,201404957,SBSC20,SCPS312,2,1,A,Ngobese,Phindile Hlengiwe
33,201402696,SBSC20,SCPS312,2,1,A,Ngwane,Nokubonga Future
34,201239002,SBSC22,SCPS312,2,1,A,Nkosi,Minenhle Mnxolisi
35,201327599,SBSC01,SCPS312,2,1,A,Ntombela,Bheka
36,201319949,SBSC20,SCPS312,2,1,A,Ntombela,Malusi Mfanuvele
37,201132590,SBSC20,SCPS312,2,1,A,Ntuli,Siphesihle Sandile
38,201310064,SBSC22,SCPS312,2,1,A,Nyawo,Celenkosini Sibusiso
39,201302111,SBSC22,SCPS312,2,1,A,Qwabe,Ziphozonke Lindani Bhekinkosi
40,201314309,SBSC01,SCPS312,2,1,A,Shazi,Wendy
41,201454558,SBSC20,SCPS312,2,1,A,Shozi,Themba Cyril
42,201319652,SBSC01,SCPS312,2,1,A,Sibanyoni,Freedom Vikie
43,201323956,SBSC20,SCPS312,2,1,A,Sibiya,Nomthandazo
44,201149200,SBSC22,SCPS312,2,1,A,Sihlangu,Nelisiwe Eunice
45,201414341,SBSC21,SCPS312,2,1,A,Sithole,Senele Zwelitsha
46,201320809,EBDFT6,SCPS312,2,1,A,Xaba,Bongani
47,201323777,SBSC01,SCPS312,2,1,A,Zuma,Smangaliso Siyabonga
Enrollment Summary:,,,,,,,,
47 students,,,,,,,,
47 regd,,,,,,,,
0 cancelled,,,,,,,,
