Classlist for:,,,SCPS322,2,A,,,,
1,201329912,CADEG2,SCPS322,2,1,A,Africander,Siza Thubalethu,
2,201419433,SBSC01,SCPS322,2,1,A,Buthelezi,Lindokuhle,
3,200802804,CADEG2,SCPS322,2,1,A,Buthelezi,Tswaki,
4,201453793,CADEG2,SCPS322,2,1,A,Chonco,Busisiwe Wendy,
5,201328187,SBSC22,SCPS322,2,1,A,Dlamini,Bheki,
6,201253358,SBSC22,SCPS322,2,1,A,Dludla,Thulani Henry,
7,201417442,SBSC15,SCPS322,2,1,A,Fakude,Nhlakanipho Cassim,
8,201230401,CADEG2,SCPS322,2,1,A,Gumede,Londeka Hope,
9,201000209,CADEG2,SCPS322,2,1,A,Hlabisa,Maxwell Thuthukani,
10,201454796,CADEG2,SCPS322,2,1,A,Jele,Siyabonga Mxolisi,
11,201401902,CADEG2,SCPS322,2,1,A,Khumalo,Nontuthuko Innocentia Londeka,
12,201429920,SBSC23,SCPS322,2,1,A,Khuzwayo,Nothando Mbalenhle,
13,201453963,SBSC22,SCPS322,2,1,A,Langa,Celimpilo Siphamandla,
14,201258464,SBSC21,SCPS322,2,1,A,Mafuele,Mandla Jafithi,
15,201403624,CADEG2,SCPS322,2,1,A,Mafuleka,Siyabonga Thulani,
16,201454180,CADEG2,SCPS322,2,1,A,Makhoba,Nonduduzo Nokuthokomala Zamajoko,
17,201139667,SBSC20,SCPS322,2,1,A,Mampofu,Ntyatyambo,
18,201303753,CADEG2,SCPS322,2,1,A,Maphalala,Bonisiwe Nompilo,
19,201454126,SBSC22,SCPS322,2,1,A,Masuku,Sizwe Jackson Clement,
20,201318936,SBSC21,SCPS322,2,1,A,Mathenjwa,Siyathokoza Wiseman,
21,201138079,EBDFT6,SCPS322,2,1,A,Mbatha,Mfundo Eugene,
22,201238289,SBSC22,SCPS322,2,1,A,Mdletshe,Nothando Loveness Nomcebo,
23,20035098,SBSC21,SCPS322,2,1,A,Mdluli,Aubrey Khayelihle,
24,201055510,SBSC15,SCPS322,2,1,A,Mdluli,Phumlani,
25,20033325,SBSC21,SCPS322,2,1,A,Mgabi,Manelisi Musawenkosi,
26,201328671,CADEG2,SCPS322,2,1,A,Mhlanga,Nkosikhona,
27,201258057,SBSC21,SCPS322,2,1,A,Mhlongo,Sibonginkosi Kusaselihle Siyanda,
28,201329329,SBSC21,SCPS322,2,1,A,Mkhabela,Sipho Sihle,
29,201450289,CADEG2,SCPS322,2,1,A,Mkhize,Nkanyiso,
30,201127132,SBSC20,SCPS322,2,1,A,Mkhwanazi,Nonkululeko,
31,201125071,SBSC01,SCPS322,2,1,A,Mlambo,Sizwe Sakhile,
32,201232048,SBSC20,SCPS322,2,1,A,Mngomezulu,Mpilo Clement,
33,201431061,SBSC22,SCPS322,2,1,A,Mnguni,Petros Smangaliso,Cancelled on 7/20/2016 0:0:0
34,201306314,SBSC01,SCPS322,2,1,A,Mnikathi,Ndumiso Philani,
35,201227283,SBSC20,SCPS322,2,1,A,Mnomiya,Wanda Gift,
36,201242466,SBSC01,SCPS322,2,1,A,Mntungwa,Nokuphila Khokheliwe,
37,201310449,CFDEG2,SCPS322,2,1,A,Msomi,Amanda,
38,201131721,SBSC20,SCPS322,2,1,A,Msomi,Sandile Doctor,
39,200902830,SBSC20,SCPS322,2,1,A,Mthethwa,Sibongakonke Gift,
40,201452906,SBSC22,SCPS322,2,1,A,Mtshali,Mxolisi David,
41,201317362,CADEG2,SCPS322,2,1,A,Myeni,Nomonde,
42,201120715,SBSC22,SCPS322,2,1,A,Myeza,Sifiso,
43,201256001,CADEG2,SCPS322,2,1,A,Mzelemu,Xoliswa Fortunate,
44,201328849,SBSC20,SCPS322,2,1,A,Naidoo,Maxine Delain,
45,201427891,CADEG2,SCPS322,2,1,A,Ndlovu,Menzi Samkelo,
46,201453235,CADEG2,SCPS322,2,1,A,Nduli,Mthobisi Khethinkosi,
47,201234927,SBSC21,SCPS322,2,1,A,Ngcobo,Mthobisi Terence,
48,201311082,SBSC22,SCPS322,2,1,A,Ngcobo,Sibonelo,
49,201425637,CADEG2,SCPS322,2,1,A,Ngcobo,Sinenkosi Qaphela,
50,201404957,SBSC20,SCPS322,2,1,A,Ngobese,Phindile Hlengiwe,
51,201402696,SBSC20,SCPS322,2,1,A,Ngwane,Nokubonga Future,
52,201259202,CADEG2,SCPS322,2,1,A,Nhlapo,Vumani Moses,
53,201239002,SBSC22,SCPS322,2,1,A,Nkosi,Minenhle Mnxolisi,
54,201225720,SBSC22,SCPS322,2,1,A,Nomabunga,Nzaliseko,
55,201327599,SBSC01,SCPS322,2,1,A,Ntombela,Bheka,
56,201319949,SBSC20,SCPS322,2,1,A,Ntombela,Malusi Mfanuvele,
57,201329100,CADEG2,SCPS322,2,1,A,Ntombela,Nombulelo Ntombikayise,
58,201132590,SBSC20,SCPS322,2,1,A,Ntuli,Siphesihle Sandile,
59,201161107,SBSC20,SCPS322,2,1,A,Nxumalo,Nqobile Nodumo,
60,201310064,SBSC22,SCPS322,2,1,A,Nyawo,Celenkosini Sibusiso,Cancelled on 7/20/2016 0:0:0
61,201072050,SBSC20,SCPS322,2,1,A,Phakathi,Thobekile Happiness,
62,201450824,CADEG2,SCPS322,2,1,A,Sabela,Zuzumusa Njabulo Sandiso,
63,201454067,CADEG2,SCPS322,2,1,A,Selepe,Dimpho Tholo,
64,201314309,SBSC01,SCPS322,2,1,A,Shazi,Wendy,
65,201100794,CADEG2,SCPS322,2,1,A,Shozi,Senzo Percival,
66,201454558,SBSC20,SCPS322,2,1,A,Shozi,Themba Cyril,
67,201319652,SBSC01,SCPS322,2,1,A,Sibanyoni,Freedom Vikie,
68,201000611,CFDEG2,SCPS322,2,1,A,Sibisi,Sfiso,
69,201323956,SBSC20,SCPS322,2,1,A,Sibiya,Nomthandazo,
70,201301340,SBSC23,SCPS322,2,1,A,Sikhosana,Thembani,
71,201329931,CADEG2,SCPS322,2,1,A,Simelane,Petros Mfana,
72,201414341,SBSC21,SCPS322,2,1,A,Sithole,Senele Zwelitsha,
73,201320809,EBDFT6,SCPS322,2,1,A,Xaba,Bongani,
74,200951484,CADEG2,SCPS322,2,1,A,Zakwe,Ngweyakhe Vincent,
75,201432360,CADEG2,SCPS322,2,1,A,Zwane,Thobeka Pretty,
Enrollment Summary:,,,,,,,,,
75 students,,,,,,,,,
73 regd,,,,,,,,,
2 cancelled,,,,,,,,,
